-- MySQL dump 10.13  Distrib 5.6.17, for Win64 (x86_64)
--
-- Host: localhost    Database: worker
-- ------------------------------------------------------
-- Server version	5.6.17

/*!40101 SET @OLD_CHARACTER_SET_CLIENT=@@CHARACTER_SET_CLIENT */;
/*!40101 SET @OLD_CHARACTER_SET_RESULTS=@@CHARACTER_SET_RESULTS */;
/*!40101 SET @OLD_COLLATION_CONNECTION=@@COLLATION_CONNECTION */;
/*!40101 SET NAMES utf8 */;
/*!40103 SET @OLD_TIME_ZONE=@@TIME_ZONE */;
/*!40103 SET TIME_ZONE='+00:00' */;
/*!40014 SET @OLD_UNIQUE_CHECKS=@@UNIQUE_CHECKS, UNIQUE_CHECKS=0 */;
/*!40014 SET @OLD_FOREIGN_KEY_CHECKS=@@FOREIGN_KEY_CHECKS, FOREIGN_KEY_CHECKS=0 */;
/*!40101 SET @OLD_SQL_MODE=@@SQL_MODE, SQL_MODE='NO_AUTO_VALUE_ON_ZERO' */;
/*!40111 SET @OLD_SQL_NOTES=@@SQL_NOTES, SQL_NOTES=0 */;

--
-- Table structure for table `article_person`
--

DROP TABLE IF EXISTS `article_person`;
/*!40101 SET @saved_cs_client     = @@character_set_client */;
/*!40101 SET character_set_client = utf8 */;
CREATE TABLE `article_person` (
  `pub_date` datetime(6) NOT NULL,
  `id` int(11) NOT NULL,
  `title` varchar(255) NOT NULL,
  PRIMARY KEY (`id`)
) ENGINE=InnoDB DEFAULT CHARSET=utf8;
/*!40101 SET character_set_client = @saved_cs_client */;

--
-- Dumping data for table `article_person`
--

LOCK TABLES `article_person` WRITE;
/*!40000 ALTER TABLE `article_person` DISABLE KEYS */;
/*!40000 ALTER TABLE `article_person` ENABLE KEYS */;
UNLOCK TABLES;

--
-- Table structure for table `auth_group`
--

DROP TABLE IF EXISTS `auth_group`;
/*!40101 SET @saved_cs_client     = @@character_set_client */;
/*!40101 SET character_set_client = utf8 */;
CREATE TABLE `auth_group` (
  `id` int(11) NOT NULL AUTO_INCREMENT,
  `name` varchar(80) NOT NULL,
  PRIMARY KEY (`id`),
  UNIQUE KEY `name` (`name`)
) ENGINE=InnoDB DEFAULT CHARSET=utf8;
/*!40101 SET character_set_client = @saved_cs_client */;

--
-- Dumping data for table `auth_group`
--

LOCK TABLES `auth_group` WRITE;
/*!40000 ALTER TABLE `auth_group` DISABLE KEYS */;
/*!40000 ALTER TABLE `auth_group` ENABLE KEYS */;
UNLOCK TABLES;

--
-- Table structure for table `auth_group_permissions`
--

DROP TABLE IF EXISTS `auth_group_permissions`;
/*!40101 SET @saved_cs_client     = @@character_set_client */;
/*!40101 SET character_set_client = utf8 */;
CREATE TABLE `auth_group_permissions` (
  `id` int(11) NOT NULL AUTO_INCREMENT,
  `group_id` int(11) NOT NULL,
  `permission_id` int(11) NOT NULL,
  PRIMARY KEY (`id`),
  UNIQUE KEY `auth_group_permissions_group_id_0cd325b0_uniq` (`group_id`,`permission_id`),
  KEY `auth_group_permissi_permission_id_84c5c92e_fk_auth_permission_id` (`permission_id`),
  CONSTRAINT `auth_group_permissions_group_id_b120cbf9_fk_auth_group_id` FOREIGN KEY (`group_id`) REFERENCES `auth_group` (`id`),
  CONSTRAINT `auth_group_permissi_permission_id_84c5c92e_fk_auth_permission_id` FOREIGN KEY (`permission_id`) REFERENCES `auth_permission` (`id`)
) ENGINE=InnoDB DEFAULT CHARSET=utf8;
/*!40101 SET character_set_client = @saved_cs_client */;

--
-- Dumping data for table `auth_group_permissions`
--

LOCK TABLES `auth_group_permissions` WRITE;
/*!40000 ALTER TABLE `auth_group_permissions` DISABLE KEYS */;
/*!40000 ALTER TABLE `auth_group_permissions` ENABLE KEYS */;
UNLOCK TABLES;

--
-- Table structure for table `auth_permission`
--

DROP TABLE IF EXISTS `auth_permission`;
/*!40101 SET @saved_cs_client     = @@character_set_client */;
/*!40101 SET character_set_client = utf8 */;
CREATE TABLE `auth_permission` (
  `id` int(11) NOT NULL AUTO_INCREMENT,
  `name` varchar(255) NOT NULL,
  `content_type_id` int(11) NOT NULL,
  `codename` varchar(100) NOT NULL,
  PRIMARY KEY (`id`),
  UNIQUE KEY `auth_permission_content_type_id_01ab375a_uniq` (`content_type_id`,`codename`),
  CONSTRAINT `auth_permissi_content_type_id_2f476e4b_fk_django_content_type_id` FOREIGN KEY (`content_type_id`) REFERENCES `django_content_type` (`id`)
) ENGINE=InnoDB AUTO_INCREMENT=28 DEFAULT CHARSET=utf8;
/*!40101 SET character_set_client = @saved_cs_client */;

--
-- Dumping data for table `auth_permission`
--

LOCK TABLES `auth_permission` WRITE;
/*!40000 ALTER TABLE `auth_permission` DISABLE KEYS */;
INSERT INTO `auth_permission` VALUES (1,'Can add log entry',1,'add_logentry'),(2,'Can change log entry',1,'change_logentry'),(3,'Can delete log entry',1,'delete_logentry'),(4,'Can add permission',2,'add_permission'),(5,'Can change permission',2,'change_permission'),(6,'Can delete permission',2,'delete_permission'),(7,'Can add group',3,'add_group'),(8,'Can change group',3,'change_group'),(9,'Can delete group',3,'delete_group'),(10,'Can add user',4,'add_user'),(11,'Can change user',4,'change_user'),(12,'Can delete user',4,'delete_user'),(13,'Can add content type',5,'add_contenttype'),(14,'Can change content type',5,'change_contenttype'),(15,'Can delete content type',5,'delete_contenttype'),(16,'Can add session',6,'add_session'),(17,'Can change session',6,'change_session'),(18,'Can delete session',6,'delete_session'),(19,'Can add person',7,'add_person'),(20,'Can change person',7,'change_person'),(21,'Can delete person',7,'delete_person'),(22,'Can add blog',8,'add_blog'),(23,'Can change blog',8,'change_blog'),(24,'Can delete blog',8,'delete_blog'),(25,'Can add work time',9,'add_worktime'),(26,'Can change work time',9,'change_worktime'),(27,'Can delete work time',9,'delete_worktime');
/*!40000 ALTER TABLE `auth_permission` ENABLE KEYS */;
UNLOCK TABLES;

--
-- Table structure for table `auth_user`
--

DROP TABLE IF EXISTS `auth_user`;
/*!40101 SET @saved_cs_client     = @@character_set_client */;
/*!40101 SET character_set_client = utf8 */;
CREATE TABLE `auth_user` (
  `id` int(11) NOT NULL AUTO_INCREMENT,
  `password` varchar(128) NOT NULL,
  `last_login` datetime(6) DEFAULT NULL,
  `is_superuser` tinyint(1) NOT NULL,
  `username` varchar(30) NOT NULL,
  `first_name` varchar(30) NOT NULL,
  `last_name` varchar(30) NOT NULL,
  `email` varchar(254) NOT NULL,
  `is_staff` tinyint(1) NOT NULL,
  `is_active` tinyint(1) NOT NULL,
  `date_joined` datetime(6) NOT NULL,
  PRIMARY KEY (`id`),
  UNIQUE KEY `username` (`username`)
) ENGINE=InnoDB DEFAULT CHARSET=utf8;
/*!40101 SET character_set_client = @saved_cs_client */;

--
-- Dumping data for table `auth_user`
--

LOCK TABLES `auth_user` WRITE;
/*!40000 ALTER TABLE `auth_user` DISABLE KEYS */;
/*!40000 ALTER TABLE `auth_user` ENABLE KEYS */;
UNLOCK TABLES;

--
-- Table structure for table `auth_user_groups`
--

DROP TABLE IF EXISTS `auth_user_groups`;
/*!40101 SET @saved_cs_client     = @@character_set_client */;
/*!40101 SET character_set_client = utf8 */;
CREATE TABLE `auth_user_groups` (
  `id` int(11) NOT NULL AUTO_INCREMENT,
  `user_id` int(11) NOT NULL,
  `group_id` int(11) NOT NULL,
  PRIMARY KEY (`id`),
  UNIQUE KEY `auth_user_groups_user_id_94350c0c_uniq` (`user_id`,`group_id`),
  KEY `auth_user_groups_group_id_97559544_fk_auth_group_id` (`group_id`),
  CONSTRAINT `auth_user_groups_group_id_97559544_fk_auth_group_id` FOREIGN KEY (`group_id`) REFERENCES `auth_group` (`id`),
  CONSTRAINT `auth_user_groups_user_id_6a12ed8b_fk_auth_user_id` FOREIGN KEY (`user_id`) REFERENCES `auth_user` (`id`)
) ENGINE=InnoDB DEFAULT CHARSET=utf8;
/*!40101 SET character_set_client = @saved_cs_client */;

--
-- Dumping data for table `auth_user_groups`
--

LOCK TABLES `auth_user_groups` WRITE;
/*!40000 ALTER TABLE `auth_user_groups` DISABLE KEYS */;
/*!40000 ALTER TABLE `auth_user_groups` ENABLE KEYS */;
UNLOCK TABLES;

--
-- Table structure for table `auth_user_user_permissions`
--

DROP TABLE IF EXISTS `auth_user_user_permissions`;
/*!40101 SET @saved_cs_client     = @@character_set_client */;
/*!40101 SET character_set_client = utf8 */;
CREATE TABLE `auth_user_user_permissions` (
  `id` int(11) NOT NULL AUTO_INCREMENT,
  `user_id` int(11) NOT NULL,
  `permission_id` int(11) NOT NULL,
  PRIMARY KEY (`id`),
  UNIQUE KEY `auth_user_user_permissions_user_id_14a6b632_uniq` (`user_id`,`permission_id`),
  KEY `auth_user_user_perm_permission_id_1fbb5f2c_fk_auth_permission_id` (`permission_id`),
  CONSTRAINT `auth_user_user_permissions_user_id_a95ead1b_fk_auth_user_id` FOREIGN KEY (`user_id`) REFERENCES `auth_user` (`id`),
  CONSTRAINT `auth_user_user_perm_permission_id_1fbb5f2c_fk_auth_permission_id` FOREIGN KEY (`permission_id`) REFERENCES `auth_permission` (`id`)
) ENGINE=InnoDB DEFAULT CHARSET=utf8;
/*!40101 SET character_set_client = @saved_cs_client */;

--
-- Dumping data for table `auth_user_user_permissions`
--

LOCK TABLES `auth_user_user_permissions` WRITE;
/*!40000 ALTER TABLE `auth_user_user_permissions` DISABLE KEYS */;
/*!40000 ALTER TABLE `auth_user_user_permissions` ENABLE KEYS */;
UNLOCK TABLES;

--
-- Table structure for table `django_admin_log`
--

DROP TABLE IF EXISTS `django_admin_log`;
/*!40101 SET @saved_cs_client     = @@character_set_client */;
/*!40101 SET character_set_client = utf8 */;
CREATE TABLE `django_admin_log` (
  `id` int(11) NOT NULL AUTO_INCREMENT,
  `action_time` datetime(6) NOT NULL,
  `object_id` longtext,
  `object_repr` varchar(200) NOT NULL,
  `action_flag` smallint(5) unsigned NOT NULL,
  `change_message` longtext NOT NULL,
  `content_type_id` int(11) DEFAULT NULL,
  `user_id` int(11) NOT NULL,
  PRIMARY KEY (`id`),
  KEY `django_admin__content_type_id_c4bce8eb_fk_django_content_type_id` (`content_type_id`),
  KEY `django_admin_log_user_id_c564eba6_fk_auth_user_id` (`user_id`),
  CONSTRAINT `django_admin_log_user_id_c564eba6_fk_auth_user_id` FOREIGN KEY (`user_id`) REFERENCES `auth_user` (`id`),
  CONSTRAINT `django_admin__content_type_id_c4bce8eb_fk_django_content_type_id` FOREIGN KEY (`content_type_id`) REFERENCES `django_content_type` (`id`)
) ENGINE=InnoDB DEFAULT CHARSET=utf8;
/*!40101 SET character_set_client = @saved_cs_client */;

--
-- Dumping data for table `django_admin_log`
--

LOCK TABLES `django_admin_log` WRITE;
/*!40000 ALTER TABLE `django_admin_log` DISABLE KEYS */;
/*!40000 ALTER TABLE `django_admin_log` ENABLE KEYS */;
UNLOCK TABLES;

--
-- Table structure for table `django_content_type`
--

DROP TABLE IF EXISTS `django_content_type`;
/*!40101 SET @saved_cs_client     = @@character_set_client */;
/*!40101 SET character_set_client = utf8 */;
CREATE TABLE `django_content_type` (
  `id` int(11) NOT NULL AUTO_INCREMENT,
  `app_label` varchar(100) NOT NULL,
  `model` varchar(100) NOT NULL,
  PRIMARY KEY (`id`),
  UNIQUE KEY `django_content_type_app_label_76bd3d3b_uniq` (`app_label`,`model`)
) ENGINE=InnoDB AUTO_INCREMENT=10 DEFAULT CHARSET=utf8;
/*!40101 SET character_set_client = @saved_cs_client */;

--
-- Dumping data for table `django_content_type`
--

LOCK TABLES `django_content_type` WRITE;
/*!40000 ALTER TABLE `django_content_type` DISABLE KEYS */;
INSERT INTO `django_content_type` VALUES (1,'admin','logentry'),(7,'article','person'),(3,'auth','group'),(2,'auth','permission'),(4,'auth','user'),(5,'contenttypes','contenttype'),(8,'loaddata','blog'),(9,'loaddata','worktime'),(6,'sessions','session');
/*!40000 ALTER TABLE `django_content_type` ENABLE KEYS */;
UNLOCK TABLES;

--
-- Table structure for table `django_migrations`
--

DROP TABLE IF EXISTS `django_migrations`;
/*!40101 SET @saved_cs_client     = @@character_set_client */;
/*!40101 SET character_set_client = utf8 */;
CREATE TABLE `django_migrations` (
  `id` int(11) NOT NULL AUTO_INCREMENT,
  `app` varchar(255) NOT NULL,
  `name` varchar(255) NOT NULL,
  `applied` datetime(6) NOT NULL,
  PRIMARY KEY (`id`)
) ENGINE=InnoDB AUTO_INCREMENT=16 DEFAULT CHARSET=utf8;
/*!40101 SET character_set_client = @saved_cs_client */;

--
-- Dumping data for table `django_migrations`
--

LOCK TABLES `django_migrations` WRITE;
/*!40000 ALTER TABLE `django_migrations` DISABLE KEYS */;
INSERT INTO `django_migrations` VALUES (1,'contenttypes','0001_initial','2016-11-03 16:57:32.814666'),(2,'auth','0001_initial','2016-11-03 16:57:43.050690'),(3,'admin','0001_initial','2016-11-03 16:57:45.338918'),(4,'admin','0002_logentry_remove_auto_add','2016-11-03 16:57:45.512936'),(5,'article','0001_initial','2016-11-03 16:57:45.958980'),(6,'contenttypes','0002_remove_content_type_name','2016-11-03 16:57:47.168101'),(7,'auth','0002_alter_permission_name_max_length','2016-11-03 16:57:47.965181'),(8,'auth','0003_alter_user_email_max_length','2016-11-03 16:57:48.871272'),(9,'auth','0004_alter_user_username_opts','2016-11-03 16:57:48.933278'),(10,'auth','0005_alter_user_last_login_null','2016-11-03 16:57:49.585343'),(11,'auth','0006_require_contenttypes_0002','2016-11-03 16:57:49.635348'),(12,'auth','0007_alter_validators_add_error_messages','2016-11-03 16:57:49.707355'),(13,'loaddata','0001_initial','2016-11-03 16:57:50.697454'),(14,'sessions','0001_initial','2016-11-03 16:57:51.296514'),(15,'loaddata','0002_auto_20161104_0101','2016-11-03 17:01:29.011283');
/*!40000 ALTER TABLE `django_migrations` ENABLE KEYS */;
UNLOCK TABLES;

--
-- Table structure for table `django_session`
--

DROP TABLE IF EXISTS `django_session`;
/*!40101 SET @saved_cs_client     = @@character_set_client */;
/*!40101 SET character_set_client = utf8 */;
CREATE TABLE `django_session` (
  `session_key` varchar(40) NOT NULL,
  `session_data` longtext NOT NULL,
  `expire_date` datetime(6) NOT NULL,
  PRIMARY KEY (`session_key`),
  KEY `django_session_de54fa62` (`expire_date`)
) ENGINE=InnoDB DEFAULT CHARSET=utf8;
/*!40101 SET character_set_client = @saved_cs_client */;

--
-- Dumping data for table `django_session`
--

LOCK TABLES `django_session` WRITE;
/*!40000 ALTER TABLE `django_session` DISABLE KEYS */;
/*!40000 ALTER TABLE `django_session` ENABLE KEYS */;
UNLOCK TABLES;

--
-- Table structure for table `loaddata_blog`
--

DROP TABLE IF EXISTS `loaddata_blog`;
/*!40101 SET @saved_cs_client     = @@character_set_client */;
/*!40101 SET character_set_client = utf8 */;
CREATE TABLE `loaddata_blog` (
  `id` int(11) NOT NULL AUTO_INCREMENT,
  `title` varchar(100) NOT NULL,
  `content` longtext NOT NULL,
  PRIMARY KEY (`id`)
) ENGINE=InnoDB DEFAULT CHARSET=utf8;
/*!40101 SET character_set_client = @saved_cs_client */;

--
-- Dumping data for table `loaddata_blog`
--

LOCK TABLES `loaddata_blog` WRITE;
/*!40000 ALTER TABLE `loaddata_blog` DISABLE KEYS */;
/*!40000 ALTER TABLE `loaddata_blog` ENABLE KEYS */;
UNLOCK TABLES;

--
-- Table structure for table `loaddata_worktime`
--

DROP TABLE IF EXISTS `loaddata_worktime`;
/*!40101 SET @saved_cs_client     = @@character_set_client */;
/*!40101 SET character_set_client = utf8 */;
CREATE TABLE `loaddata_worktime` (
  `id` int(11) NOT NULL AUTO_INCREMENT,
  `oa_id` int(11) NOT NULL,
  `clocktime` datetime(6) NOT NULL,
  PRIMARY KEY (`id`)
) ENGINE=InnoDB AUTO_INCREMENT=27317 DEFAULT CHARSET=utf8;
/*!40101 SET character_set_client = @saved_cs_client */;

--
-- Dumping data for table `loaddata_worktime`
--

LOCK TABLES `loaddata_worktime` WRITE;
/*!40000 ALTER TABLE `loaddata_worktime` DISABLE KEYS */;
INSERT INTO `loaddata_worktime` VALUES (26577,981,'2015-04-14 01:50:24.000000'),(26578,981,'2015-04-14 10:28:14.000000'),(26579,981,'2015-04-15 00:55:48.000000'),(26580,981,'2015-04-15 10:17:34.000000'),(26581,981,'2015-04-16 01:16:51.000000'),(26582,981,'2015-04-16 10:32:55.000000'),(26583,981,'2015-04-17 01:04:58.000000'),(26584,981,'2015-04-17 10:42:12.000000'),(26585,981,'2015-04-20 01:23:43.000000'),(26586,981,'2015-04-20 10:41:45.000000'),(26587,981,'2015-04-21 01:05:17.000000'),(26588,981,'2015-04-21 10:25:59.000000'),(26589,981,'2015-04-22 01:11:51.000000'),(26590,981,'2015-04-22 10:22:59.000000'),(26591,981,'2015-04-23 01:19:23.000000'),(26592,981,'2015-04-23 10:25:30.000000'),(26593,981,'2015-04-24 01:13:52.000000'),(26594,981,'2015-04-24 10:21:23.000000'),(26595,981,'2015-04-27 01:33:03.000000'),(26596,981,'2015-04-27 10:41:47.000000'),(26597,981,'2015-04-28 01:04:46.000000'),(26598,981,'2015-04-28 10:46:00.000000'),(26599,981,'2015-04-29 01:14:42.000000'),(26600,981,'2015-04-29 10:43:38.000000'),(26601,981,'2015-04-30 01:06:04.000000'),(26602,981,'2015-04-30 10:39:39.000000'),(26603,981,'2015-05-04 01:13:54.000000'),(26604,981,'2015-05-04 10:36:57.000000'),(26605,981,'2015-05-05 01:47:47.000000'),(26606,981,'2015-05-05 10:58:18.000000'),(26607,981,'2015-05-06 01:05:34.000000'),(26608,981,'2015-05-06 10:47:03.000000'),(26609,981,'2015-05-07 01:09:32.000000'),(26610,981,'2015-05-07 10:49:05.000000'),(26611,981,'2015-05-08 01:06:11.000000'),(26612,981,'2015-05-08 10:38:03.000000'),(26613,981,'2015-05-11 01:13:17.000000'),(26614,981,'2015-05-11 10:36:09.000000'),(26615,981,'2015-05-12 01:13:11.000000'),(26616,981,'2015-05-12 10:43:18.000000'),(26617,981,'2015-05-13 01:19:01.000000'),(26618,981,'2015-05-13 10:40:51.000000'),(26619,981,'2015-05-14 01:11:02.000000'),(26620,981,'2015-05-14 10:30:21.000000'),(26621,981,'2015-05-15 01:01:26.000000'),(26622,981,'2015-05-15 10:46:51.000000'),(26623,981,'2015-05-18 01:11:21.000000'),(26624,981,'2015-05-18 10:18:30.000000'),(26625,981,'2015-05-19 01:12:52.000000'),(26626,981,'2015-05-19 11:00:20.000000'),(26627,981,'2015-05-20 01:30:36.000000'),(26628,981,'2015-05-20 10:50:55.000000'),(26629,981,'2015-05-21 00:59:10.000000'),(26630,981,'2015-05-21 10:40:46.000000'),(26631,981,'2015-05-22 01:11:43.000000'),(26632,981,'2015-05-22 10:29:09.000000'),(26633,981,'2015-05-25 01:55:15.000000'),(26634,981,'2015-05-25 11:00:05.000000'),(26635,981,'2015-05-26 01:46:23.000000'),(26636,981,'2015-05-26 10:55:34.000000'),(26637,981,'2015-05-27 01:42:57.000000'),(26638,981,'2015-05-27 10:47:34.000000'),(26639,981,'2015-05-28 01:25:16.000000'),(26640,981,'2015-05-28 10:37:00.000000'),(26641,981,'2015-05-29 01:09:37.000000'),(26642,981,'2015-05-29 10:18:45.000000'),(26643,981,'2015-06-01 01:13:31.000000'),(26644,981,'2015-06-01 10:40:37.000000'),(26645,981,'2015-06-02 01:14:35.000000'),(26646,981,'2015-06-02 10:26:40.000000'),(26647,981,'2015-06-03 01:21:54.000000'),(26648,981,'2015-06-03 10:37:31.000000'),(26649,981,'2015-06-04 01:05:16.000000'),(26650,981,'2015-06-04 10:23:57.000000'),(26651,981,'2015-06-05 01:15:26.000000'),(26652,981,'2015-06-05 10:44:40.000000'),(26653,981,'2015-06-08 01:28:18.000000'),(26654,981,'2015-06-08 10:30:50.000000'),(26655,981,'2015-06-09 01:24:22.000000'),(26656,981,'2015-06-09 10:59:04.000000'),(26657,981,'2015-06-10 01:14:31.000000'),(26658,981,'2015-06-10 10:24:55.000000'),(26659,981,'2015-06-11 01:24:11.000000'),(26660,981,'2015-06-11 11:28:27.000000'),(26661,981,'2015-06-12 00:47:23.000000'),(26662,981,'2015-06-12 10:25:14.000000'),(26663,981,'2015-06-15 01:22:11.000000'),(26664,981,'2015-06-15 10:43:45.000000'),(26665,981,'2015-06-16 00:53:01.000000'),(26666,981,'2015-06-16 10:20:55.000000'),(26667,981,'2015-06-17 01:28:00.000000'),(26668,981,'2015-06-17 10:32:37.000000'),(26669,981,'2015-06-18 01:27:06.000000'),(26670,981,'2015-06-18 10:40:00.000000'),(26671,981,'2015-06-19 01:22:25.000000'),(26672,981,'2015-06-19 10:31:30.000000'),(26673,981,'2015-06-23 01:21:35.000000'),(26674,981,'2015-06-23 10:30:39.000000'),(26675,981,'2015-06-24 00:58:31.000000'),(26676,981,'2015-06-24 10:20:21.000000'),(26677,981,'2015-06-25 01:27:50.000000'),(26678,981,'2015-06-25 10:35:49.000000'),(26679,981,'2015-06-26 01:26:50.000000'),(26680,981,'2015-06-26 10:40:53.000000'),(26681,981,'2015-06-29 01:19:04.000000'),(26682,981,'2015-06-29 10:23:39.000000'),(26683,981,'2015-06-30 01:03:54.000000'),(26684,981,'2015-06-30 10:42:20.000000'),(26685,981,'2015-07-01 01:22:30.000000'),(26686,981,'2015-07-01 10:27:29.000000'),(26687,981,'2015-07-02 01:15:19.000000'),(26688,981,'2015-07-02 10:30:02.000000'),(26689,981,'2015-07-03 01:02:04.000000'),(26690,981,'2015-07-03 10:36:49.000000'),(26691,981,'2015-07-06 00:50:21.000000'),(26692,981,'2015-07-06 10:13:47.000000'),(26693,981,'2015-07-07 01:19:49.000000'),(26694,981,'2015-07-07 10:30:04.000000'),(26695,981,'2015-07-08 01:18:26.000000'),(26696,981,'2015-07-08 10:28:17.000000'),(26697,981,'2015-07-09 01:27:16.000000'),(26698,981,'2015-07-09 10:37:22.000000'),(26699,981,'2015-07-10 00:34:55.000000'),(26700,981,'2015-07-10 10:22:30.000000'),(26701,981,'2015-07-13 01:35:45.000000'),(26702,981,'2015-07-13 10:38:41.000000'),(26703,981,'2015-07-14 01:21:52.000000'),(26704,981,'2015-07-14 10:35:09.000000'),(26705,981,'2015-07-15 00:41:14.000000'),(26706,981,'2015-07-15 10:18:44.000000'),(26707,981,'2015-07-16 00:08:31.000000'),(26708,981,'2015-07-16 10:12:02.000000'),(26709,981,'2015-07-17 00:17:11.000000'),(26710,981,'2015-07-17 10:12:21.000000'),(26711,981,'2015-07-18 01:00:26.000000'),(26712,981,'2015-07-18 10:17:44.000000'),(26713,981,'2015-07-20 00:32:49.000000'),(26714,981,'2015-07-20 10:16:57.000000'),(26715,981,'2015-07-21 01:50:22.000000'),(26716,981,'2015-07-21 10:51:52.000000'),(26717,981,'2015-07-22 01:14:42.000000'),(26718,981,'2015-07-22 10:21:20.000000'),(26719,981,'2015-07-23 00:38:33.000000'),(26720,981,'2015-07-23 10:14:33.000000'),(26721,981,'2015-07-24 00:22:16.000000'),(26722,981,'2015-07-24 10:06:39.000000'),(26723,981,'2015-07-27 00:15:15.000000'),(26724,981,'2015-07-27 10:04:44.000000'),(26725,981,'2015-07-28 00:08:22.000000'),(26726,981,'2015-07-28 10:22:34.000000'),(26727,981,'2015-07-29 00:13:45.000000'),(26728,981,'2015-07-29 10:22:58.000000'),(26729,981,'2015-07-30 00:13:01.000000'),(26730,981,'2015-07-30 10:18:48.000000'),(26731,981,'2015-07-31 00:13:37.000000'),(26732,981,'2015-07-31 10:16:08.000000'),(26733,981,'2015-08-03 00:05:20.000000'),(26734,981,'2015-08-03 10:10:06.000000'),(26735,981,'2015-08-04 00:11:40.000000'),(26736,981,'2015-08-04 10:09:24.000000'),(26737,981,'2015-08-05 00:09:06.000000'),(26738,981,'2015-08-05 00:09:08.000000'),(26739,981,'2015-08-05 11:01:41.000000'),(26740,981,'2015-08-06 00:12:37.000000'),(26741,981,'2015-08-06 10:20:09.000000'),(26742,981,'2015-08-07 00:17:57.000000'),(26743,981,'2015-08-07 10:06:33.000000'),(26744,981,'2015-08-10 01:00:33.000000'),(26745,981,'2015-08-10 10:14:22.000000'),(26746,981,'2015-08-11 00:18:49.000000'),(26747,981,'2015-08-11 10:15:10.000000'),(26748,981,'2015-08-12 00:11:39.000000'),(26749,981,'2015-08-12 00:11:40.000000'),(26750,981,'2015-08-12 10:28:19.000000'),(26751,981,'2015-08-13 00:14:17.000000'),(26752,981,'2015-08-13 10:27:10.000000'),(26753,981,'2015-08-14 00:19:58.000000'),(26754,981,'2015-08-14 10:34:51.000000'),(26755,981,'2015-08-17 00:42:00.000000'),(26756,981,'2015-08-17 10:14:05.000000'),(26757,981,'2015-08-18 00:14:07.000000'),(26758,981,'2015-08-18 10:09:37.000000'),(26759,981,'2015-08-19 00:15:28.000000'),(26760,981,'2015-08-19 10:27:08.000000'),(26761,981,'2015-08-20 00:48:02.000000'),(26762,981,'2015-08-20 10:16:34.000000'),(26763,981,'2015-08-21 00:15:57.000000'),(26764,981,'2015-08-21 10:15:47.000000'),(26765,981,'2015-08-24 00:30:41.000000'),(26766,981,'2015-08-24 10:05:37.000000'),(26767,981,'2015-08-25 00:25:49.000000'),(26768,981,'2015-08-25 10:41:22.000000'),(26769,981,'2015-08-26 00:26:43.000000'),(26770,981,'2015-08-26 10:10:05.000000'),(26771,981,'2015-08-27 00:20:21.000000'),(26772,981,'2015-08-27 10:10:26.000000'),(26773,981,'2015-08-28 00:20:00.000000'),(26774,981,'2015-08-28 10:29:17.000000'),(26775,981,'2015-08-31 00:00:14.000000'),(26776,981,'2015-08-31 10:03:33.000000'),(26777,981,'2015-09-01 00:29:19.000000'),(26778,981,'2015-09-01 10:13:58.000000'),(26779,981,'2015-09-02 00:20:12.000000'),(26780,981,'2015-09-02 10:24:04.000000'),(26781,981,'2015-09-06 01:05:22.000000'),(26782,981,'2015-09-06 10:09:30.000000'),(26783,981,'2015-09-07 00:15:23.000000'),(26784,981,'2015-09-07 10:06:52.000000'),(26785,981,'2015-09-08 00:18:22.000000'),(26786,981,'2015-09-08 10:17:41.000000'),(26787,981,'2015-09-09 00:17:49.000000'),(26788,981,'2015-09-09 10:25:47.000000'),(26789,981,'2015-09-10 00:19:36.000000'),(26790,981,'2015-09-10 10:41:52.000000'),(26791,981,'2015-09-11 00:21:42.000000'),(26792,981,'2015-09-11 10:46:28.000000'),(26793,981,'2015-09-14 00:17:40.000000'),(26794,981,'2015-09-14 10:05:39.000000'),(26795,981,'2015-09-15 00:23:09.000000'),(26796,981,'2015-09-15 10:14:41.000000'),(26797,981,'2015-09-16 00:42:05.000000'),(26798,981,'2015-09-16 10:42:08.000000'),(26799,981,'2015-09-17 00:14:50.000000'),(26800,981,'2015-09-17 10:37:29.000000'),(26801,981,'2015-09-18 00:42:35.000000'),(26802,981,'2015-09-18 10:29:23.000000'),(26803,981,'2015-09-21 00:23:24.000000'),(26804,981,'2015-09-21 10:08:52.000000'),(26805,981,'2015-09-22 00:19:16.000000'),(26806,981,'2015-09-22 10:27:58.000000'),(26807,981,'2015-09-23 00:21:20.000000'),(26808,981,'2015-09-23 10:13:32.000000'),(26809,981,'2015-09-24 00:15:30.000000'),(26810,981,'2015-09-24 10:11:20.000000'),(26811,981,'2015-09-25 00:40:52.000000'),(26812,981,'2015-09-25 10:02:48.000000'),(26813,981,'2015-09-28 00:26:31.000000'),(26814,981,'2015-09-28 10:04:38.000000'),(26815,981,'2015-09-29 00:35:46.000000'),(26816,981,'2015-09-29 10:18:41.000000'),(26817,981,'2015-09-30 00:22:22.000000'),(26818,981,'2015-09-30 10:04:59.000000'),(26819,981,'2015-10-08 00:21:49.000000'),(26820,981,'2015-10-08 10:10:27.000000'),(26821,981,'2015-10-09 00:22:26.000000'),(26822,981,'2015-10-09 10:21:31.000000'),(26823,981,'2015-10-10 00:48:36.000000'),(26824,981,'2015-10-10 10:11:57.000000'),(26825,981,'2015-10-12 00:27:52.000000'),(26826,981,'2015-10-12 10:06:59.000000'),(26827,981,'2015-10-13 00:23:35.000000'),(26828,981,'2015-10-13 10:04:54.000000'),(26829,981,'2015-10-14 00:29:56.000000'),(26830,981,'2015-10-14 10:23:52.000000'),(26831,981,'2015-10-15 00:23:08.000000'),(26832,981,'2015-10-15 10:20:20.000000'),(26833,981,'2015-10-16 00:17:28.000000'),(26834,981,'2015-10-16 10:19:14.000000'),(26835,981,'2015-10-19 00:22:30.000000'),(26836,981,'2015-10-19 10:02:46.000000'),(26837,981,'2015-10-20 00:28:42.000000'),(26838,981,'2015-10-20 10:05:46.000000'),(26839,981,'2015-10-21 00:24:22.000000'),(26840,981,'2015-10-21 10:08:08.000000'),(26841,981,'2015-10-22 00:23:56.000000'),(26842,981,'2015-10-22 10:06:24.000000'),(26843,981,'2015-10-23 00:26:06.000000'),(26844,981,'2015-10-23 10:04:05.000000'),(26845,981,'2015-10-26 00:29:58.000000'),(26846,981,'2015-10-26 10:02:01.000000'),(26847,981,'2015-10-27 00:27:20.000000'),(26848,981,'2015-10-27 10:04:38.000000'),(26849,981,'2015-10-28 01:04:14.000000'),(26850,981,'2015-10-28 10:11:44.000000'),(26851,981,'2015-10-29 00:35:41.000000'),(26852,981,'2015-10-29 10:18:27.000000'),(26853,981,'2015-10-30 00:23:13.000000'),(26854,981,'2015-10-30 10:03:48.000000'),(26855,981,'2015-11-02 00:23:57.000000'),(26856,981,'2015-11-02 10:11:35.000000'),(26857,981,'2015-11-03 00:28:02.000000'),(26858,981,'2015-11-03 10:23:45.000000'),(26859,981,'2015-11-04 00:25:28.000000'),(26860,981,'2015-11-04 10:26:38.000000'),(26861,981,'2015-11-05 00:46:15.000000'),(26862,981,'2015-11-05 10:02:59.000000'),(26863,981,'2015-11-06 00:19:45.000000'),(26864,981,'2015-11-06 10:11:52.000000'),(26865,981,'2015-11-09 00:30:22.000000'),(26866,981,'2015-11-09 10:03:02.000000'),(26867,981,'2015-11-10 01:26:26.000000'),(26868,981,'2015-11-10 10:44:41.000000'),(26869,981,'2015-11-11 00:34:29.000000'),(26870,981,'2015-11-11 10:10:04.000000'),(26871,981,'2015-11-12 01:13:00.000000'),(26872,981,'2015-11-12 10:34:47.000000'),(26873,981,'2015-11-13 00:36:37.000000'),(26874,981,'2015-11-13 10:03:26.000000'),(26875,981,'2015-11-16 00:38:14.000000'),(26876,981,'2015-11-16 10:18:32.000000'),(26877,981,'2015-11-17 00:25:08.000000'),(26878,981,'2015-11-17 10:29:11.000000'),(26879,981,'2015-11-18 00:27:36.000000'),(26880,981,'2015-11-18 10:39:01.000000'),(26881,981,'2015-11-19 00:25:18.000000'),(26882,981,'2015-11-19 10:04:34.000000'),(26883,981,'2015-11-20 00:32:46.000000'),(26884,981,'2015-11-20 10:20:19.000000'),(26885,981,'2015-11-23 00:29:55.000000'),(26886,981,'2015-11-23 10:04:03.000000'),(26887,981,'2015-11-24 00:36:05.000000'),(26888,981,'2015-11-24 10:11:32.000000'),(26889,981,'2015-11-25 00:55:38.000000'),(26890,981,'2015-11-25 10:13:10.000000'),(26891,981,'2015-11-26 01:31:51.000000'),(26892,981,'2015-11-26 10:34:55.000000'),(26893,981,'2015-11-27 00:34:23.000000'),(26894,981,'2015-11-27 10:37:40.000000'),(26895,981,'2015-11-30 00:29:34.000000'),(26896,981,'2015-11-30 10:16:24.000000'),(26897,981,'2015-12-01 00:23:27.000000'),(26898,981,'2015-12-01 10:39:12.000000'),(26899,981,'2015-12-02 00:29:36.000000'),(26900,981,'2015-12-02 10:39:23.000000'),(26901,981,'2015-12-03 00:23:40.000000'),(26902,981,'2015-12-03 10:38:30.000000'),(26903,981,'2015-12-04 00:25:16.000000'),(26904,981,'2015-12-04 10:57:23.000000'),(26905,981,'2015-12-07 00:28:25.000000'),(26906,981,'2015-12-07 10:31:53.000000'),(26907,981,'2015-12-08 00:29:11.000000'),(26908,981,'2015-12-08 10:26:47.000000'),(26909,981,'2015-12-09 00:28:53.000000'),(26910,981,'2015-12-09 10:23:01.000000'),(26911,981,'2015-12-10 00:29:38.000000'),(26912,981,'2015-12-10 10:14:22.000000'),(26913,981,'2015-12-11 00:24:31.000000'),(26914,981,'2015-12-11 10:16:22.000000'),(26915,981,'2015-12-14 00:36:42.000000'),(26916,981,'2015-12-14 10:32:01.000000'),(26917,981,'2015-12-15 00:22:57.000000'),(26918,981,'2015-12-15 10:36:27.000000'),(26919,981,'2015-12-15 11:00:00.000000'),(26920,981,'2015-12-16 01:48:25.000000'),(26921,981,'2015-12-16 10:55:48.000000'),(26922,981,'2015-12-16 11:00:00.000000'),(26923,981,'2015-12-17 01:26:17.000000'),(26924,981,'2015-12-17 10:33:57.000000'),(26925,981,'2015-12-18 01:40:54.000000'),(26926,981,'2015-12-18 10:43:14.000000'),(26927,981,'2015-12-21 01:45:42.000000'),(26928,981,'2015-12-21 10:48:36.000000'),(26929,981,'2015-12-22 00:41:05.000000'),(26930,981,'2015-12-22 10:28:39.000000'),(26931,981,'2015-12-23 00:56:17.000000'),(26932,981,'2015-12-23 10:34:53.000000'),(26933,981,'2015-12-24 01:53:43.000000'),(26934,981,'2015-12-24 11:37:57.000000'),(26935,981,'2015-12-25 00:19:30.000000'),(26936,981,'2015-12-25 10:06:41.000000'),(26937,981,'2015-12-28 00:22:41.000000'),(26938,981,'2015-12-28 10:22:54.000000'),(26939,981,'2015-12-29 00:39:06.000000'),(26940,981,'2015-12-29 10:25:54.000000'),(26941,981,'2015-12-30 00:28:27.000000'),(26942,981,'2015-12-30 11:14:34.000000'),(26943,981,'2015-12-31 00:27:29.000000'),(26944,981,'2015-12-31 10:33:32.000000'),(26945,981,'2016-01-04 00:30:12.000000'),(26946,981,'2016-01-04 10:37:24.000000'),(26947,981,'2016-01-05 00:30:09.000000'),(26948,981,'2016-01-05 10:39:35.000000'),(26949,981,'2016-01-06 00:34:17.000000'),(26950,981,'2016-01-06 10:45:13.000000'),(26951,981,'2016-01-07 00:33:01.000000'),(26952,981,'2016-01-07 10:39:59.000000'),(26953,981,'2016-01-08 00:27:50.000000'),(26954,981,'2016-01-08 10:46:12.000000'),(26955,981,'2016-01-11 00:35:34.000000'),(26956,981,'2016-01-11 10:47:19.000000'),(26957,981,'2016-01-12 00:29:56.000000'),(26958,981,'2016-01-12 10:32:49.000000'),(26959,981,'2016-01-13 00:29:42.000000'),(26960,981,'2016-01-13 10:36:27.000000'),(26961,981,'2016-01-14 00:47:55.000000'),(26962,981,'2016-01-14 10:23:33.000000'),(26963,981,'2016-01-15 00:25:10.000000'),(26964,981,'2016-01-15 10:20:37.000000'),(26965,981,'2016-01-18 00:26:04.000000'),(26966,981,'2016-01-18 10:10:28.000000'),(26967,981,'2016-01-19 00:25:49.000000'),(26968,981,'2016-01-19 10:33:40.000000'),(26969,981,'2016-01-20 00:21:31.000000'),(26970,981,'2016-01-20 10:08:51.000000'),(26971,981,'2016-01-21 00:38:00.000000'),(26972,981,'2016-01-21 10:02:42.000000'),(26973,981,'2016-01-22 00:44:57.000000'),(26974,981,'2016-01-22 10:01:06.000000'),(26975,981,'2016-01-25 00:25:11.000000'),(26976,981,'2016-01-25 10:10:42.000000'),(26977,981,'2016-01-27 00:43:59.000000'),(26978,981,'2016-01-27 10:55:56.000000'),(26979,981,'2016-02-01 00:25:55.000000'),(26980,981,'2016-02-01 10:22:49.000000'),(26981,981,'2016-02-02 01:57:14.000000'),(26982,981,'2016-02-02 11:01:10.000000'),(26983,981,'2016-02-03 00:25:52.000000'),(26984,981,'2016-02-03 10:09:10.000000'),(26985,981,'2016-02-04 01:35:34.000000'),(26986,981,'2016-02-04 10:43:59.000000'),(26987,981,'2016-02-05 01:05:01.000000'),(26988,981,'2016-02-05 10:13:25.000000'),(26989,981,'2016-02-06 01:14:22.000000'),(26990,981,'2016-02-06 10:10:27.000000'),(26991,981,'2016-02-14 01:13:59.000000'),(26992,981,'2016-02-14 10:16:32.000000'),(26993,981,'2016-02-15 01:07:02.000000'),(26994,981,'2016-02-15 10:20:03.000000'),(26995,981,'2016-02-16 01:10:11.000000'),(26996,981,'2016-02-16 10:15:13.000000'),(26997,981,'2016-02-17 00:17:37.000000'),(26998,981,'2016-02-17 10:24:32.000000'),(26999,981,'2016-02-18 01:24:32.000000'),(27000,981,'2016-02-18 10:33:04.000000'),(27001,981,'2016-02-19 00:17:48.000000'),(27002,981,'2016-02-19 10:20:01.000000'),(27003,981,'2016-02-23 00:30:31.000000'),(27004,981,'2016-02-23 10:23:24.000000'),(27005,981,'2016-02-24 00:43:42.000000'),(27006,981,'2016-02-24 10:11:34.000000'),(27007,981,'2016-02-25 00:26:18.000000'),(27008,981,'2016-02-25 10:06:16.000000'),(27009,981,'2016-02-26 00:21:37.000000'),(27010,981,'2016-02-26 06:13:05.000000'),(27011,981,'2016-03-01 00:23:13.000000'),(27012,981,'2016-03-01 10:07:55.000000'),(27013,981,'2016-03-01 10:16:56.000000'),(27014,981,'2016-03-02 00:44:26.000000'),(27015,981,'2016-03-02 10:39:59.000000'),(27016,981,'2016-03-03 00:24:01.000000'),(27017,981,'2016-03-03 10:30:00.000000'),(27018,981,'2016-03-04 00:25:00.000000'),(27019,981,'2016-03-04 10:23:20.000000'),(27020,981,'2016-03-07 00:48:36.000000'),(27021,981,'2016-03-07 10:06:50.000000'),(27022,981,'2016-03-08 00:29:31.000000'),(27023,981,'2016-03-08 15:04:45.000000'),(27024,981,'2016-03-09 00:39:51.000000'),(27025,981,'2016-03-09 10:17:30.000000'),(27026,981,'2016-03-10 00:27:58.000000'),(27027,981,'2016-03-10 14:06:43.000000'),(27028,981,'2016-03-14 00:19:34.000000'),(27029,981,'2016-03-14 10:20:51.000000'),(27030,981,'2016-03-16 00:18:12.000000'),(27031,981,'2016-03-16 10:14:15.000000'),(27032,981,'2016-03-17 00:28:16.000000'),(27033,981,'2016-03-17 10:19:03.000000'),(27034,981,'2016-03-18 00:31:16.000000'),(27035,981,'2016-03-18 10:24:57.000000'),(27036,981,'2016-03-21 00:17:41.000000'),(27037,981,'2016-03-21 10:12:59.000000'),(27038,981,'2016-03-22 00:35:10.000000'),(27039,981,'2016-03-22 10:21:40.000000'),(27040,981,'2016-03-23 00:15:01.000000'),(27041,981,'2016-03-23 10:20:19.000000'),(27042,981,'2016-03-24 00:31:15.000000'),(27043,981,'2016-03-24 10:21:38.000000'),(27044,981,'2016-03-28 00:25:19.000000'),(27045,981,'2016-03-28 10:02:31.000000'),(27046,981,'2016-03-29 00:25:56.000000'),(27047,981,'2016-03-29 14:34:02.000000'),(27048,981,'2016-03-30 01:57:24.000000'),(27049,981,'2016-03-30 10:29:05.000000'),(27050,981,'2016-03-31 00:28:51.000000'),(27051,981,'2016-03-31 15:05:57.000000'),(27052,981,'2016-04-01 00:27:49.000000'),(27053,981,'2016-04-01 10:40:57.000000'),(27054,981,'2016-04-01 10:41:38.000000'),(27055,981,'2016-04-05 00:18:38.000000'),(27056,981,'2016-04-05 04:06:56.000000'),(27057,981,'2016-04-06 04:46:30.000000'),(27058,981,'2016-04-06 11:22:19.000000'),(27059,981,'2016-04-07 00:22:20.000000'),(27060,981,'2016-04-07 14:10:05.000000'),(27061,981,'2016-04-08 00:56:32.000000'),(27062,981,'2016-04-08 09:09:59.000000'),(27063,981,'2016-04-11 00:23:53.000000'),(27064,981,'2016-04-11 10:15:50.000000'),(27065,981,'2016-04-12 00:21:55.000000'),(27066,981,'2016-04-12 10:15:00.000000'),(27067,981,'2016-04-12 10:19:19.000000'),(27068,981,'2016-04-14 00:24:24.000000'),(27069,981,'2016-04-14 10:10:57.000000'),(27070,981,'2016-04-15 00:19:31.000000'),(27071,981,'2016-04-15 10:14:21.000000'),(27072,981,'2016-04-18 00:21:55.000000'),(27073,981,'2016-04-18 10:27:30.000000'),(27074,981,'2016-04-19 00:20:15.000000'),(27075,981,'2016-04-19 10:16:31.000000'),(27076,981,'2016-04-20 00:26:16.000000'),(27077,981,'2016-04-20 10:12:57.000000'),(27078,981,'2016-04-21 00:23:33.000000'),(27079,981,'2016-04-21 10:15:37.000000'),(27080,981,'2016-04-22 00:20:58.000000'),(27081,981,'2016-04-22 10:24:40.000000'),(27082,981,'2016-04-25 00:24:52.000000'),(27083,981,'2016-04-25 12:45:23.000000'),(27084,981,'2016-04-26 00:20:29.000000'),(27085,981,'2016-04-26 10:13:25.000000'),(27086,981,'2016-04-27 00:35:27.000000'),(27087,981,'2016-04-27 13:04:52.000000'),(27088,981,'2016-04-28 00:19:07.000000'),(27089,981,'2016-04-28 10:17:37.000000'),(27090,981,'2016-04-29 00:23:14.000000'),(27091,981,'2016-04-29 00:34:48.000000'),(27092,981,'2016-04-29 00:34:58.000000'),(27093,981,'2016-04-29 10:24:03.000000'),(27094,981,'2016-05-03 00:24:56.000000'),(27095,981,'2016-05-03 10:13:40.000000'),(27096,981,'2016-05-04 00:22:38.000000'),(27097,981,'2016-05-04 10:25:13.000000'),(27098,981,'2016-05-05 00:22:13.000000'),(27099,981,'2016-05-05 10:18:31.000000'),(27100,981,'2016-05-05 10:18:43.000000'),(27101,981,'2016-05-06 00:17:34.000000'),(27102,981,'2016-05-06 10:11:24.000000'),(27103,981,'2016-05-09 00:21:45.000000'),(27104,981,'2016-05-09 10:10:20.000000'),(27105,981,'2016-05-10 00:19:09.000000'),(27106,981,'2016-05-10 10:10:35.000000'),(27107,981,'2016-05-11 00:17:39.000000'),(27108,981,'2016-05-11 10:26:30.000000'),(27109,981,'2016-05-12 00:15:56.000000'),(27110,981,'2016-05-12 10:29:24.000000'),(27111,981,'2016-05-13 04:57:20.000000'),(27112,981,'2016-05-13 11:05:10.000000'),(27113,981,'2016-05-16 00:26:09.000000'),(27114,981,'2016-05-16 10:12:51.000000'),(27115,981,'2016-05-17 00:35:00.000000'),(27116,981,'2016-05-17 10:18:08.000000'),(27117,981,'2016-05-18 00:33:01.000000'),(27118,981,'2016-05-18 10:22:02.000000'),(27119,981,'2016-05-19 00:37:02.000000'),(27120,981,'2016-05-19 13:09:34.000000'),(27121,981,'2016-05-20 00:31:23.000000'),(27122,981,'2016-05-20 10:37:50.000000'),(27123,981,'2016-05-20 10:38:01.000000'),(27124,981,'2016-05-23 01:25:34.000000'),(27125,981,'2016-05-23 10:13:11.000000'),(27126,981,'2016-05-23 10:30:00.000000'),(27127,981,'2016-05-24 00:28:51.000000'),(27128,981,'2016-05-24 13:08:56.000000'),(27129,981,'2016-05-25 00:19:37.000000'),(27130,981,'2016-05-25 10:06:12.000000'),(27131,981,'2016-05-26 00:25:25.000000'),(27132,981,'2016-05-26 13:07:58.000000'),(27133,981,'2016-05-27 00:40:23.000000'),(27134,981,'2016-05-27 10:32:32.000000'),(27135,981,'2016-05-30 00:33:43.000000'),(27136,981,'2016-05-30 10:11:53.000000'),(27137,981,'2016-05-31 00:15:51.000000'),(27138,981,'2016-05-31 13:33:02.000000'),(27139,981,'2016-06-01 00:26:13.000000'),(27140,981,'2016-06-01 10:34:12.000000'),(27141,981,'2016-06-01 13:19:33.000000'),(27142,981,'2016-06-02 00:45:49.000000'),(27143,981,'2016-06-02 13:31:59.000000'),(27144,981,'2016-06-03 00:27:27.000000'),(27145,981,'2016-06-03 10:06:55.000000'),(27146,981,'2016-06-06 00:20:46.000000'),(27147,981,'2016-06-06 13:36:44.000000'),(27148,981,'2016-06-07 00:37:16.000000'),(27149,981,'2016-06-07 13:06:18.000000'),(27150,981,'2016-06-08 00:27:20.000000'),(27151,981,'2016-06-08 11:11:15.000000'),(27152,981,'2016-06-12 01:04:17.000000'),(27153,981,'2016-06-12 11:59:08.000000'),(27154,981,'2016-06-12 11:59:27.000000'),(27155,981,'2016-06-13 00:30:00.000000'),(27156,981,'2016-06-13 10:24:46.000000'),(27157,981,'2016-06-14 00:14:54.000000'),(27158,981,'2016-06-14 13:07:03.000000'),(27159,981,'2016-06-14 13:07:04.000000'),(27160,981,'2016-06-15 01:25:07.000000'),(27161,981,'2016-06-15 01:25:15.000000'),(27162,981,'2016-06-15 11:10:01.000000'),(27163,981,'2016-06-15 11:10:06.000000'),(27164,981,'2016-06-16 00:18:55.000000'),(27165,981,'2016-06-16 00:19:09.000000'),(27166,981,'2016-06-16 13:05:00.000000'),(27167,981,'2016-06-16 13:05:01.000000'),(27168,981,'2016-06-17 00:17:56.000000'),(27169,981,'2016-06-17 00:17:57.000000'),(27170,981,'2016-06-17 10:13:22.000000'),(27171,981,'2016-06-17 10:13:26.000000'),(27172,981,'2016-06-20 00:22:58.000000'),(27173,981,'2016-06-20 00:23:02.000000'),(27174,981,'2016-06-20 10:33:13.000000'),(27175,981,'2016-06-20 10:33:18.000000'),(27176,981,'2016-06-21 00:17:02.000000'),(27177,981,'2016-06-21 00:17:03.000000'),(27178,981,'2016-06-21 13:11:47.000000'),(27179,981,'2016-06-21 13:11:51.000000'),(27180,981,'2016-06-22 00:34:58.000000'),(27181,981,'2016-06-22 00:35:03.000000'),(27182,981,'2016-06-22 10:02:40.000000'),(27183,981,'2016-06-22 10:02:44.000000'),(27184,981,'2016-06-23 00:42:37.000000'),(27185,981,'2016-06-23 00:42:39.000000'),(27186,981,'2016-06-23 13:03:18.000000'),(27187,981,'2016-06-23 13:03:24.000000'),(27188,981,'2016-06-24 00:17:23.000000'),(27189,981,'2016-06-24 00:17:24.000000'),(27190,981,'2016-06-24 10:03:05.000000'),(27191,981,'2016-06-27 00:16:44.000000'),(27192,981,'2016-06-27 00:16:45.000000'),(27193,981,'2016-06-27 10:02:25.000000'),(27194,981,'2016-06-27 10:02:26.000000'),(27195,981,'2016-06-28 00:19:59.000000'),(27196,981,'2016-06-28 00:20:00.000000'),(27197,981,'2016-06-28 13:05:20.000000'),(27198,981,'2016-06-28 13:05:23.000000'),(27199,981,'2016-06-29 00:26:20.000000'),(27200,981,'2016-06-29 00:26:22.000000'),(27201,981,'2016-06-29 10:03:01.000000'),(27202,981,'2016-06-30 00:17:55.000000'),(27203,981,'2016-06-30 00:17:57.000000'),(27204,981,'2016-06-30 13:03:40.000000'),(27205,981,'2016-06-30 13:03:45.000000'),(27206,981,'2016-07-01 00:27:25.000000'),(27207,981,'2016-07-01 00:27:32.000000'),(27208,981,'2016-07-01 10:00:59.000000'),(27209,981,'2016-07-01 10:01:03.000000'),(27210,981,'2016-07-04 00:31:42.000000'),(27211,981,'2016-07-04 00:31:49.000000'),(27212,981,'2016-07-04 10:03:03.000000'),(27213,981,'2016-07-04 10:03:09.000000'),(27214,981,'2016-07-05 00:21:12.000000'),(27215,981,'2016-07-05 00:21:20.000000'),(27216,981,'2016-07-05 13:09:07.000000'),(27217,981,'2016-07-05 13:09:15.000000'),(27218,981,'2016-07-06 00:29:18.000000'),(27219,981,'2016-07-06 00:29:26.000000'),(27220,981,'2016-07-06 10:36:11.000000'),(27221,981,'2016-07-06 10:36:12.000000'),(27222,981,'2016-07-07 00:28:37.000000'),(27223,981,'2016-07-07 00:28:46.000000'),(27224,981,'2016-07-07 13:02:04.000000'),(27225,981,'2016-07-08 00:27:47.000000'),(27226,981,'2016-07-08 00:27:48.000000'),(27227,981,'2016-07-08 10:08:58.000000'),(27228,981,'2016-07-08 10:09:01.000000'),(27229,981,'2016-07-11 00:28:31.000000'),(27230,981,'2016-07-11 00:28:33.000000'),(27231,981,'2016-07-11 10:02:46.000000'),(27232,981,'2016-07-11 10:02:47.000000'),(27233,981,'2016-07-12 00:29:26.000000'),(27234,981,'2016-07-12 00:29:33.000000'),(27235,981,'2016-07-12 13:02:28.000000'),(27236,981,'2016-07-12 13:02:29.000000'),(27237,981,'2016-07-14 01:31:32.000000'),(27238,981,'2016-07-14 01:31:35.000000'),(27239,981,'2016-07-14 13:12:24.000000'),(27240,981,'2016-07-14 13:12:25.000000'),(27241,981,'2016-07-15 01:16:26.000000'),(27242,981,'2016-07-15 01:16:35.000000'),(27243,981,'2016-07-15 10:30:06.000000'),(27244,981,'2016-07-15 10:30:09.000000'),(27245,981,'2016-07-18 01:00:00.000000'),(27246,981,'2016-07-18 01:30:02.000000'),(27247,981,'2016-07-18 01:30:06.000000'),(27248,981,'2016-07-18 10:41:07.000000'),(27249,981,'2016-07-18 10:41:09.000000'),(27250,981,'2016-07-19 00:21:58.000000'),(27251,981,'2016-07-19 13:06:42.000000'),(27252,981,'2016-07-19 13:06:46.000000'),(27253,981,'2016-07-20 00:24:02.000000'),(27254,981,'2016-07-20 00:24:05.000000'),(27255,981,'2016-07-20 10:01:57.000000'),(27256,981,'2016-07-20 10:01:59.000000'),(27257,981,'2016-07-21 00:10:54.000000'),(27258,981,'2016-07-21 00:10:56.000000'),(27259,981,'2016-07-21 13:25:56.000000'),(27260,981,'2016-07-21 13:25:59.000000'),(27261,981,'2016-07-22 00:21:06.000000'),(27262,981,'2016-07-22 00:21:08.000000'),(27263,981,'2016-07-22 10:03:42.000000'),(27264,981,'2016-07-22 10:03:47.000000'),(27265,981,'2016-07-25 00:18:19.000000'),(27266,981,'2016-07-25 00:18:21.000000'),(27267,981,'2016-07-25 10:05:16.000000'),(27268,981,'2016-07-25 10:05:21.000000'),(27269,981,'2016-07-26 00:19:34.000000'),(27270,981,'2016-07-26 00:19:40.000000'),(27271,981,'2016-07-26 10:38:37.000000'),(27272,981,'2016-07-26 10:38:44.000000'),(27273,981,'2016-07-27 00:30:00.000000'),(27274,981,'2016-07-27 10:53:11.000000'),(27275,981,'2016-07-27 10:53:14.000000'),(27276,981,'2016-07-28 00:20:32.000000'),(27277,981,'2016-07-28 00:20:34.000000'),(27278,981,'2016-07-28 13:07:25.000000'),(27279,981,'2016-07-28 13:07:26.000000'),(27280,981,'2016-07-29 00:22:36.000000'),(27281,981,'2016-07-29 00:22:37.000000'),(27282,981,'2016-07-29 15:12:00.000000'),(27283,981,'2016-07-29 15:12:02.000000'),(27284,981,'2016-08-01 00:44:50.000000'),(27285,981,'2016-08-01 00:44:51.000000'),(27286,981,'2016-08-01 13:18:44.000000'),(27287,981,'2016-08-01 13:18:48.000000'),(27288,981,'2016-08-02 00:17:21.000000'),(27289,981,'2016-08-02 00:17:23.000000'),(27290,981,'2016-08-02 13:03:00.000000'),(27291,981,'2016-08-02 13:03:02.000000'),(27292,981,'2016-08-03 00:21:45.000000'),(27293,981,'2016-08-03 00:21:46.000000'),(27294,981,'2016-08-03 10:22:27.000000'),(27295,981,'2016-08-03 10:22:40.000000'),(27296,981,'2016-08-04 00:16:58.000000'),(27297,981,'2016-08-04 00:17:01.000000'),(27298,981,'2016-08-04 10:24:41.000000'),(27299,981,'2016-08-04 10:24:43.000000'),(27300,981,'2016-08-05 00:18:01.000000'),(27301,981,'2016-08-05 00:18:03.000000'),(27302,981,'2016-08-05 10:08:16.000000'),(27303,981,'2016-08-05 10:08:20.000000'),(27304,981,'2016-08-08 00:20:58.000000'),(27305,981,'2016-08-08 00:20:59.000000'),(27306,981,'2016-08-08 10:20:27.000000'),(27307,981,'2016-08-08 10:20:29.000000'),(27308,981,'2016-08-09 00:16:38.000000'),(27309,981,'2016-08-09 00:16:39.000000'),(27310,981,'2016-08-09 10:01:18.000000'),(27311,981,'2016-08-09 10:01:22.000000'),(27312,981,'2016-08-10 00:25:22.000000'),(27313,981,'2016-08-10 00:25:25.000000'),(27314,981,'2016-08-10 10:02:46.000000'),(27315,981,'2016-08-11 00:21:04.000000'),(27316,981,'2016-08-11 00:21:06.000000');
/*!40000 ALTER TABLE `loaddata_worktime` ENABLE KEYS */;
UNLOCK TABLES;

--
-- Dumping routines for database 'worker'
--
/*!40103 SET TIME_ZONE=@OLD_TIME_ZONE */;

/*!40101 SET SQL_MODE=@OLD_SQL_MODE */;
/*!40014 SET FOREIGN_KEY_CHECKS=@OLD_FOREIGN_KEY_CHECKS */;
/*!40014 SET UNIQUE_CHECKS=@OLD_UNIQUE_CHECKS */;
/*!40101 SET CHARACTER_SET_CLIENT=@OLD_CHARACTER_SET_CLIENT */;
/*!40101 SET CHARACTER_SET_RESULTS=@OLD_CHARACTER_SET_RESULTS */;
/*!40101 SET COLLATION_CONNECTION=@OLD_COLLATION_CONNECTION */;
/*!40111 SET SQL_NOTES=@OLD_SQL_NOTES */;

-- Dump completed on 2016-11-14 16:48:57
